video_id,concept_type,header_title,tagline,question_text,option_a,option_b,option_c,option_d,correct_answer,equations_json,visual_data_json,audio_script

FLP1_CH1_ATOMIC_HYPOTHESIS,PYQ,"The Atomic Hypothesis","One sentence that contains all of physics!","If all scientific knowledge were destroyed and only one sentence could be passed to the next generation, which statement would contain the most information in the fewest words?","(A) Energy is always conserved in every process","(B) All things are made of atoms that move in perpetual motion","(C) Force equals mass times acceleration","(D) Light always travels in straight lines","Correct Answer: (B) All things are made of atoms that move in perpetual motion","[""\\text{All things are made of atoms}"", ""\\text{They attract when apart, repel when squeezed}""]","[""{\\""type\\"": \\""shape\\"", \\""kind\\"": \\""circle\\"", \\""pos\\"": [-1.5, 1.0, 0], \\""radius\\"": 0.25, \\""color\\"": \\""#FF4B4B\\""}"", ""{\\""type\\"": \\""shape\\"", \\""kind\\"": \\""circle\\"", \\""pos\\"": [1.5, 1.0, 0], \\""radius\\"": 0.25, \\""color\\"": \\""#3498DB\\""}"", ""{\\""type\\"": \\""line\\"", \\""start\\"": [-1.5, 1.0, 0], \\""end\\"": [1.5, 1.0, 0], \\""color\\"": \\""#F1C40F\\""}"", ""{\\""type\\"": \\""vector\\"", \\""start\\"": [-1.0, 1.0, 0], \\""end\\"": [-0.2, 1.0, 0], \\""color\\"": \\""#2ECC71\\"", \\""label\\"": \\""F\\""}"", ""{\\""type\\"": \\""vector\\"", \\""start\\"": [1.0, 1.0, 0], \\""end\\"": [0.2, 1.0, 0], \\""color\\"": \\""#2ECC71\\"", \\""label\\"": \\""F\\""}""]","Feynman once asked: if all of science were destroyed and only one sentence survived, what should it be? His answer was the atomic hypothesis. That all things are made of atoms. Little particles that move around in perpetual motion, attracting each other when they are a little distance apart, but repelling upon being squeezed into one another. In that one sentence, there is an enormous amount of information about the world, if just a little imagination and thinking are applied. Think about a drop of water. If we magnify it a billion times, we see a teeming crowd of particles. Each oxygen atom with two hydrogens attached. They jiggle and bounce, attract and repel. This is the heart of all physics. Is sawaal mein Feynman ka sabse sundar vichaar hai. Yaad rakhiye, atoms hamesha ghoomte rehte hain, rukte nahi."
FLP1_CH1_WATER_STRUCTURE,PYQ,"The Structure of Water","The molecule that makes life possible!","A water molecule consists of one oxygen atom and two hydrogen atoms. The angle between the two hydrogen atoms is approximately 105 degrees. What keeps the water molecules together in liquid water?","(A) Gravitational attraction between molecules","(B) Electrical attraction between the atoms of different molecules","(C) Magnetic forces between oxygen atoms","(D) Nuclear forces between hydrogen atoms","Correct Answer: (B) Electrical attraction between the atoms of different molecules","[""\\text{H}_2\\text{O molecule}"", ""\\text{Bond angle} \\approx 105^\\circ"", ""\\text{Electrical attraction holds molecules together}""]","[""{\\""type\\"": \\""shape\\"", \\""kind\\"": \\""circle\\"", \\""pos\\"": [0, 0.5, 0], \\""radius\\"": 0.35, \\""color\\"": \\""#FF4B4B\\"", \\""label\\"": \\""O\\""}"", ""{\\""type\\"": \\""shape\\"", \\""kind\\"": \\""circle\\"", \\""pos\\"": [-0.7, 1.1, 0], \\""radius\\"": 0.18, \\""color\\"": \\""#FFFFFF\\"", \\""label\\"": \\""H\\""}"", ""{\\""type\\"": \\""shape\\"", \\""kind\\"": \\""circle\\"", \\""pos\\"": [0.7, 1.1, 0], \\""radius\\"": 0.18, \\""color\\"": \\""#FFFFFF\\"", \\""label\\"": \\""H\\""}"", ""{\\""type\\"": \\""line\\"", \\""start\\"": [-0.7, 1.1, 0], \\""end\\"": [0, 0.5, 0], \\""color\\"": \\""#3498DB\\""}"", ""{\\""type\\"": \\""line\\"", \\""start\\"": [0.7, 1.1, 0], \\""end\\"": [0, 0.5, 0], \\""color\\"": \\""#3498DB\\""}"", ""{\\""type\\"": \\""arc\\"", \\""center\\"": [0, 0.5, 0], \\""radius\\"": 0.5, \\""start_angle\\"": 50, \\""angle\\"": 80, \\""color\\"": \\""#F1C40F\\""}""]","A water molecule is one oxygen with two hydrogens. The angle between the hydrogens is about one hundred five degrees. The oxygen has a slight negative charge and the hydrogens have slight positive charges. This tiny imbalance is what makes water so special. In liquid water, the positive hydrogen of one molecule is attracted to the negative oxygen of another molecule. This electrical attraction holds the molecules together. It is why water stays liquid at room temperature. It is why ice floats. It is why life as we know it is possible. Feynman reminds us that this is all just electricity. The same force that makes a balloon stick to your hair is what keeps water together. Is sawaal mein aapko electrical force ki beauty dikhegi. Paani ki har boond mein physics chhupi hai."
FLP1_CH1_STEAM_WATER_ICE,PYQ,"Steam, Water and Ice","The three faces of water!","What is the fundamental difference between ice, liquid water, and steam?","(A) The size of the water molecules changes","(B) The number of hydrogen atoms per oxygen changes","(C) The arrangement and motion of water molecules changes","(D) The color of the substance changes","Correct Answer: (C) The arrangement and motion of water molecules changes","[""\\text{Ice: ordered lattice, small vibration}"", ""\\text{Water: random positions, larger vibration}"", ""\\text{Steam: molecules far apart, free motion}""]","[""{\\""type\\"": \\""shape\\"", \\""kind\\"": \\""circle\\"", \\""pos\\"": [-2.0, 1.5, 0], \\""radius\\"": 0.15, \\""color\\"": \\""#3498DB\\""}"", ""{\\""type\\"": \\""shape\\"", \\""kind\\"": \\""circle\\"", \\""pos\\"": [-2.4, 2.0, 0], \\""radius\\"": 0.15, \\""color\\"": \\""#3498DB\\""}"", ""{\\""type\\"": \\""shape\\"", \\""kind\\"": \\""circle\\"", \\""pos\\"": [-1.6, 2.0, 0], \\""radius\\"": 0.15, \\""color\\"": \\""#3498DB\\""}"", ""{\\""type\\"": \\""shape\\"", \\""kind\\"": \\""circle\\"", \\""pos\\"": [0, 1.5, 0], \\""radius\\"": 0.15, \\""color\\"": \\""#F1C40F\\""}"", ""{\\""type\\"": \\""shape\\"", \\""kind\\"": \\""circle\\"", \\""pos\\"": [0.5, 2.1, 0], \\""radius\\"": 0.15, \\""color\\"": \\""#F1C40F\\""}"", ""{\\""type\\"": \\""shape\\"", \\""kind\\"": \\""circle\\"", \\""pos\\"": [-0.4, 2.0, 0], \\""radius\\"": 0.15, \\""color\\"": \\""#F1C40F\\""}"", ""{\\""type\\"": \\""shape\\"", \\""kind\\"": \\""circle\\"", \\""pos\\"": [2.0, 1.5, 0], \\""radius\\"": 0.15, \\""color\\"": \\""#2ECC71\\""}"", ""{\\""type\\"": \\""shape\\"", \\""kind\\"": \\""circle\\"", \\""pos\\"": [2.8, 2.2, 0], \\""radius\\"": 0.15, \\""color\\"": \\""#2ECC71\\""}"", ""{\\""type\\"": \\""shape\\"", \\""kind\\"": \\""circle\\"", \\""pos\\"": [2.2, 2.8, 0], \\""radius\\"": 0.15, \\""color\\"": \\""#2ECC71\\""}"", ""{\\""type\\"": \\""line\\"", \\""start\\"": [-2.8, 2.3, 0], \\""end\\"": [-1.2, 2.3, 0], \\""dashed\\"": true, \\""color\\"": \\""#FFFFFF\\""}"", ""{\\""type\\"": \\""line\\"", \\""start\\"": [-0.8, 2.4, 0], \\""end\\"": [0.8, 2.4, 0], \\""dashed\\"": true, \\""color\\"": \\""#FFFFFF\\""}"", ""{\\""type\\"": \\""line\\"", \\""start\\"": [1.2, 2.5, 0], \\""end\\"": [2.8, 2.5, 0], \\""dashed\\"": true, \\""color\\"": \\""#FFFFFF\\""}""]","In ice, the water molecules are locked into a definite pattern. They vibrate in place, but they do not move around. When we heat the ice, the vibrations increase. At a certain temperature, the molecules shake themselves free from their positions. The rigid structure breaks down. Now the molecules can move around, but they still attract each other. This is liquid water. Heat it more, and the molecules move faster and faster. Eventually, the attraction is not enough to hold them together. They fly apart. This is steam. The molecule itself has not changed. It is the same H two O. Only the arrangement and the motion have changed. Feynman says this is the difference between solids, liquids, and gases. Yaad rakhiye, jiggling motion hi temperature hai. Zyada jiggling, zyada temperature."
FLP1_CH1_PRESSURE_COLLISIONS,PYQ,"Pressure of a Gas","A billion tiny hammer blows!","What causes the pressure exerted by a gas on the walls of its container?","(A) The chemical reaction between gas and wall","(B) The gravitational attraction of gas molecules","(C) The continuous bombardment of gas molecules on the walls","(D) The magnetic field of the gas molecules","Correct Answer: (C) The continuous bombardment of gas molecules on the walls","[""P = \\frac{F}{A}"", ""P = \\frac{2}{3} n \\langle \\frac{mv^2}{2} \\rangle"", ""PV = \\frac{2}{3} U""]","[""{\\""type\\"": \\""shape\\"", \\""kind\\"": \\""rectangle\\"", \\""pos\\"": [0, 0, 0], \\""dims\\"": [5.0, 4.0], \\""color\\"": \\""#3498DB\\""}"", ""{\\""type\\"": \\""charge\\"", \\""pos\\"": [-1.5, 0.5, 0], \\""color\\"": \\""#F1C40F\\"", \\""label\\"": \\""\\""}"", ""{\\""type\\"": \\""charge\\"", \\""pos\\"": [1.0, -0.5, 0], \\""color\\"": \\""#F1C40F\\"", \\""label\\"": \\""\\""}"", ""{\\""type\\"": \\""charge\\"", \\""pos\\"": [0.5, 1.0, 0], \\""color\\"": \\""#F1C40F\\"", \\""label\\"": \\""\\""}"", ""{\\""type\\"": \\""charge\\"", \\""pos\\"": [-0.5, -1.2, 0], \\""color\\"": \\""#F1C40F\\"", \\""label\\"": \\""\\""}"", ""{\\""type\\"": \\""vector\\"", \\""start\\"": [-1.5, 0.5, 0], \\""end\\"": [-2.2, 1.0, 0], \\""color\\"": \\""#2ECC71\\""}"", ""{\\""type\\"": \\""vector\\"", \\""start\\"": [1.0, -0.5, 0], \\""end\\"": [1.8, -1.0, 0], \\""color\\"": \\""#2ECC71\\""}"", ""{\\""type\\"": \\""vector\\"", \\""start\\"": [-2.5, 0, 0], \\""end\\"": [-1.8, 0.2, 0], \\""color\\"": \\""#FF4B4B\\"", \\""label\\"": \\""F\\""}""]","Why does a gas exert pressure? Feynman says imagine a room full of tennis balls, all bouncing around in perpetual motion. When they hit the wall, they push it. Each collision delivers a tiny impulse. A billion collisions per second create a steady force. That is pressure. If we double the number of molecules, we double the collisions. Pressure doubles. If we increase the temperature, the molecules move faster. They hit harder and more often. Pressure increases. This is the kinetic theory of gases. The pressure of a gas is simply the result of countless molecular bombardments. Is sawaal mein Feynman ki simple soch dikhti hai. Pressure koi mysterious force nahi hai. Yeh sirf atoms ka dhamaka hai."
FLP1_CH1_COMPRESSION_HEATING,PYQ,"Compression Heats a Gas","Squeeze it and it gets hot!","When a gas is compressed slowly, its temperature increases. What is the microscopic reason for this?","(A) The gas molecules react chemically with the piston","(B) The molecules gain speed when they bounce off the moving piston","(C) The gravitational potential energy of the molecules increases","(D) The number of molecules increases during compression","Correct Answer: (B) The molecules gain speed when they bounce off the moving piston","[""\\text{Piston moves inward}"", ""\\text{Molecule hits moving piston and speeds up}"", ""\\text{Temperature increases}"", ""PV^\\gamma = \\text{constant}""]","[""{\\""type\\"": \\""shape\\"", \\""kind\\"": \\""rectangle\\"", \\""pos\\"": [0, 0.5, 0], \\""dims\\"": [4.0, 3.0], \\""color\\"": \\""#3498DB\\""}"", ""{\\""type\\"": \\""line\\"", \\""start\\"": [-2.5, 1.5, 0], \\""end\\"": [2.5, 1.5, 0], \\""color\\"": \\""#F1C40F\\""}"", ""{\\""type\\"": \\""vector\\"", \\""start\\"": [2.5, 1.5, 0], \\""end\\"": [1.8, 1.5, 0], \\""color\\"": \\""#FF4B4B\\"", \\""label\\"": \\""v_{piston}\\""}"", ""{\\""type\\"": \\""charge\\"", \\""pos\\"": [0, -0.5, 0], \\""color\\"": \\""#2ECC71\\"", \\""label\\"": \\""\\""}"", ""{\\""type\\"": \\""vector\\"", \\""start\\"": [0, -0.5, 0], \\""end\\"": [0, 0.8, 0], \\""color\\"": \\""#F1C40F\\"", \\""label\\"": \\""v\\""}"", ""{\\""type\\"": \\""vector\\"", \\""start\\"": [0, -0.5, 0], \\""end\\"": [0, 1.5, 0], \\""color\\"": \\""#FF4B4B\\"", \\""label\\"": \\""v' > v\\""}""]","Feynman gives a beautiful explanation of why a gas heats up when compressed. Imagine a molecule bouncing off a piston. If the piston is standing still, the molecule bounces back with the same speed. But if the piston is moving inward, the molecule bounces back faster. It picks up speed from the collision. Just like a ping pong ball hit by a forward-moving paddle comes off faster. So all the molecules in the vessel pick up speed. The temperature of the gas increases. This is why, under slow compression, a gas heats up. And under slow expansion, it cools down. Yaad rakhiye, har collision mein molecule piston se energy leta hai. Isliye compression se gas garam hoti hai."
FLP1_CH1_EVAPORATION,PYQ,"Evaporation of Water","Molecules escaping into the air!","Why does water evaporate faster when the air above it is dry and windy?","(A) Wind increases the temperature of water","(B) Dry air absorbs water molecules chemically","(C) Fewer water molecules return to the liquid when the air is dry","(D) Wind increases the attraction between water molecules","Correct Answer: (C) Fewer water molecules return to the liquid when the air is dry","[""\\text{Evaporation rate} \\propto e^{-W/kT}"", ""\\text{Condensation rate depends on vapor density}"", ""\\text{Net evaporation when vapor removed}""]","[""{\\""type\\"": \\""shape\\"", \\""kind\\"": \\""rectangle\\"", \\""pos\\"": [0, -0.5, 0], \\""dims\\"": [5.0, 2.0], \\""color\\"": \\""#3498DB\\""}"", ""{\\""type\\"": \\""charge\\"", \\""pos\\"": [-1.5, 0.5, 0], \\""color\\"": \\""#2ECC71\\"", \\""label\\"": \\""\\""}"", ""{\\""type\\"": \\""charge\\"", \\""pos\\"": [0.5, 0.6, 0], \\""color\\"": \\""#2ECC71\\"", \\""label\\"": \\""\\""}"", ""{\\""type\\"": \\""charge\\"", \\""pos\\"": [1.8, 0.4, 0], \\""color\\"": \\""#2ECC71\\"", \\""label\\"": \\""\\""}"", ""{\\""type\\"": \\""vector\\"", \\""start\\"": [-1.5, 0.5, 0], \\""end\\"": [-1.5, 1.5, 0], \\""color\\"": \\""#F1C40F\\"", \\""label\\"": \\""v\\""}"", ""{\\""type\\"": \\""vector\\"", \\""start\\"": [0.5, 0.6, 0], \\""end\\"": [0.5, 1.6, 0], \\""color\\"": \\""#F1C40F\\"", \\""label\\"": \\""v\\""}"", ""{\\""type\\"": \\""vector\\"", \\""start\\"": [1.8, 0.4, 0], \\""end\\"": [1.8, 1.4, 0], \\""color\\"": \\""#F1C40F\\"", \\""label\\"": \\""v\\""}"", ""{\\""type\\"": \\""vector\\"", \\""start\\"": [-2.5, 1.8, 0], \\""end\\"": [2.5, 1.8, 0], \\""color\\"": \\""#3498DB\\"", \\""label\\"": \\""\\text{wind}\\""}""]","At the surface of water, molecules are always jiggling. From time to time, one gets hit a little harder than usual and escapes into the air. This is evaporation. But some molecules in the air come back and get stuck again. This is condensation. When the air above is dry, there are fewer water molecules in the air. So fewer come back. The number leaving stays the same, because it depends only on the jiggling of the water. So the water evaporates faster. If we blow the moist air away, we replace it with dry air. More molecules leave than return. The water disappears. This is why a fan helps to evaporate water. Feynman says turn on the fan! Is sawaal mein evaporation ka simple physics hai. Yaad rakhiye, jiggling tez, evaporation tez."
FLP1_CH1_SALT_DISSOLVING,PYQ,"Salt Dissolving in Water","Ions breaking free!","What happens microscopically when salt (sodium chloride) dissolves in water?","(A) Salt molecules melt into liquid salt","(B) Sodium and chlorine ions break free and are surrounded by water molecules","(C) Salt atoms undergo nuclear reactions","(D) Salt molecules simply float in the water unchanged","Correct Answer: (B) Sodium and chlorine ions break free and are surrounded by water molecules","[""\\text{NaCl crystal}"", ""\\text{Na}^+ \\text{ and } \\text{Cl}^- \\text{ ions}"", ""\\text{Water molecules attract ions}"", ""\\text{Ions float freely in solution}""]","[""{\\""type\\"": \\""charge\\"", \\""pos\\"": [-1.5, 1.0, 0], \\""color\\"": \\""#FF4B4B\\"", \\""label\\"": \\""\\text{Na}^+\\""}"", ""{\\""type\\"": \\""charge\\"", \\""pos\\"": [1.5, 1.0, 0], \\""color\\"": \\""#00D2FF\\"", \\""label\\"": \\""\\text{Cl}^-\\""}"", ""{\\""type\\"": \\""shape\\"", \\""kind\\"": \\""circle\\"", \\""pos\\"": [-1.5, -0.5, 0], \\""radius\\"": 0.2, \\""color\\"": \\""#3498DB\\""}"", ""{\\""type\\"": \\""shape\\"", \\""kind\\"": \\""circle\\"", \\""pos\\"": [1.5, -0.5, 0], \\""radius\\"": 0.2, \\""color\\"": \\""#3498DB\\""}"", ""{\\""type\\"": \\""shape\\"", \\""kind\\"": \\""circle\\"", \\""pos\\"": [-2.2, -0.8, 0], \\""radius\\"": 0.15, \\""color\\"": \\""#F1C40F\\""}"", ""{\\""type\\"": \\""shape\\"", \\""kind\\"": \\""circle\\"", \\""pos\\"": [2.2, -0.8, 0], \\""radius\\"": 0.15, \\""color\\"": \\""#F1C40F\\""}"", ""{\\""type\\"": \\""shape\\"", \\""kind\\"": \\""circle\\"", \\""pos\\"": [0, -1.0, 0], \\""radius\\"": 0.2, \\""color\\"": \\""#3498DB\\""}""]","Salt is a crystal. It is made of sodium ions and chlorine ions arranged in a regular pattern. Each sodium atom has lost one electron and is positive. Each chlorine atom has gained one electron and is negative. When we put salt in water, the water molecules are attracted to the ions. The negative oxygen end of a water molecule surrounds the positive sodium ion. The positive hydrogen ends surround the negative chlorine ion. This attraction pulls the ions away from the crystal. The crystal breaks apart. The ions float freely in the water, each surrounded by a shell of water molecules. Feynman says this is a dynamic process. Ions are leaving and rejoining all the time. Equilibrium is when the rates are equal. Is sawaal mein ion ka chemistry aur physics ka mel hai. Yaad rakhiye, paani ke molecules dipoles hote hain."
FLP1_CH1_CHEMICAL_REACTION,PYQ,"Carbon Burning in Oxygen","Rearranging the atomic partners!","What is the fundamental difference between a physical process and a chemical reaction?","(A) Chemical reactions involve nuclear changes","(B) Chemical reactions rearrange the partners that atoms are attached to","(C) Physical processes change the number of atoms","(D) There is no difference at all","Correct Answer: (B) Chemical reactions rearrange the partners that atoms are attached to","[""\\text{C} + \\text{O}_2 \\rightarrow \\text{CO}_2"", ""\\text{C} + \\frac{1}{2}\\text{O}_2 \\rightarrow \\text{CO}"", ""\\text{Chemical reaction: new combinations}""]","[""{\\""type\\"": \\""charge\\"", \\""pos\\"": [-2.0, 1.0, 0], \\""color\\"": \\""#FF4B4B\\"", \\""label\\"": \\""\\text{C}\\""}"", ""{\\""type\\"": \\""charge\\"", \\""pos\\"": [2.0, 1.0, 0], \\""color\\"": \\""#3498DB\\"", \\""label\\"": \\""\\text{O}_2\\""}"", ""{\\""type\\"": \\""charge\\"", \\""pos\\"": [0, -0.5, 0], \\""color\\"": \\""#2ECC71\\"", \\""label\\"": \\""\\text{CO}_2\\""}"", ""{\\""type\\"": \\""vector\\"", \\""start\\"": [-1.5, 1.0, 0], \\""end\\"": [-0.5, 0.0, 0], \\""color\\"": \\""#F1C40F\\"", \\""label\\"": \\""\\text{heat}\\""}"", ""{\\""type\\"": \\""vector\\"", \\""start\\"": [1.5, 1.0, 0], \\""end\\"": [0.5, 0.0, 0], \\""color\\"": \\""#F1C40F\\"", \\""label\\"": \\""\\text{light}\\""}""]","Feynman says: what happens when carbon burns in oxygen? An oxygen molecule comes near the carbon. Each oxygen atom picks up a carbon atom and they fly off together as carbon monoxide. This is a chemical reaction. The atoms have not changed. They have simply rearranged their partners. The carbon and oxygen atoms were attached to their own kind. Now they are attached to each other. In the process, energy is released. A large amount of kinetic energy is generated. This is the heat of burning. Feynman says nature does not care what we call it. Whether we call it physical or chemical, she just keeps on doing it. Is sawaal mein atoms ka rearrangement hi chemical reaction hai. Yaad rakhiye, atoms kabhi destroy nahi hote, sirf partners badalte hain."
FLP1_CH1_BROWNIAN_MOTION,PYQ,"Brownian Motion","The jiggling that proved atoms exist!","How does the Brownian motion of a tiny particle suspended in water provide evidence for the existence of atoms?","(A) The particle moves in a straight line at constant speed","(B) The particle is bombarded unevenly by water molecules, causing random jiggling","(C) The particle dissolves in the water","(D) The particle emits light due to atomic vibrations","Correct Answer: (B) The particle is bombarded unevenly by water molecules, causing random jiggling","[""\\text{Small particle in water}"", ""\\text{Unequal molecular bombardments}"", ""\\text{Random motion}"", ""\\langle R^2 \\rangle = 6kTt/\\mu""]","[""{\\""type\\"": \\""shape\\"", \\""kind\\"": \\""circle\\"", \\""pos\\"": [0, 0, 0], \\""radius\\"": 0.5, \\""color\\"": \\""#F1C40F\\""}"", ""{\\""type\\"": \\""charge\\"", \\""pos\\"": [-1.2, 0.8, 0], \\""color\\"": \\""#3498DB\\"", \\""label\\"": \\""\\""}"", ""{\\""type\\"": \\""charge\\"", \\""pos\\"": [1.0, 0.9, 0], \\""color\\"": \\""#3498DB\\"", \\""label\\"": \\""\\""}"", ""{\\""type\\"": \\""charge\\"", \\""pos\\"": [0.8, -1.0, 0], \\""color\\"": \\""#3498DB\\"", \\""label\\"": \\""\\""}"", ""{\\""type\\"": \\""charge\\"", \\""pos\\"": [-0.9, -0.9, 0], \\""color\\"": \\""#3498DB\\"", \\""label\\"": \\""\\""}"", ""{\\""type\\"": \\""charge\\"", \\""pos\\"": [1.3, 0.0, 0], \\""color\\"": \\""#3498DB\\"", \\""label\\"": \\""\\""}"", ""{\\""type\\"": \\""charge\\"", \\""pos\\"": [-1.3, 0.0, 0], \\""color\\"": \\""#3498DB\\"", \\""label\\"": \\""\\""}"", ""{\\""type\\"": \\""vector\\"", \\""start\\"": [0, 0, 0], \\""end\\"": [0.6, 0.4, 0], \\""color\\"": \\""#FF4B4B\\"", \\""label\\"": \\""\\text{random}\\"", \\""motion\\""}"", ""{\\""type\\"": \\""vector\\"", \\""start\\"": [-1.2, 0.8, 0], \\""end\\"": [-0.3, 0.2, 0], \\""color\\"": \\""#2ECC71\\""}"", ""{\\""type\\"": \\""vector\\"", \\""start\\"": [1.0, 0.9, 0], \\""end\\"": [0.3, 0.3, 0], \\""color\\"": \\""#2ECC71\\""}""]","If atoms are always in motion, how can we see them? We cannot see them directly. But Feynman says we can see their effects. Put a tiny particle in water. It is much bigger than the atoms. The water molecules bombard it from all sides. Sometimes more hit one side than the other. The particle jiggles around. This is Brownian motion. It was first seen by Robert Brown in 1827. But it was Einstein who explained it in 1905. He showed that the mean square distance the particle moves is proportional to time. This provided direct evidence for atoms. Feynman says everything is made of atoms. And the Brownian motion proves it. Is sawaal mein atoms ki reality ka sabse pyaara proof hai. Yaad rakhiye, chhota particle bada particle ko dhakka deta hai."
FLP1_CH1_CRYSTAL_STRUCTURE,PYQ,"The Crystal Structure of Ice","Why snowflakes have six sides!","Ice has a hexagonal crystal structure. What does this mean for the arrangement of water molecules in ice?","(A) The molecules are arranged randomly","(B) The molecules form a six-sided pattern that repeats in three dimensions","(C) The molecules form a cubic lattice like salt","(D) The molecules move freely like in liquid water","Correct Answer: (B) The molecules form a six-sided pattern that repeats in three dimensions","[""\\text{Hexagonal symmetry in ice}"", ""\\text{Six-fold rotational symmetry}"", ""\\text{Snowflakes show hexagonal pattern}""]","[""{\\""type\\"": \\""charge\\"", \\""pos\\"": [0, 1.0, 0], \\""color\\"": \\""#3498DB\\"", \\""label\\"": \\""\\""}"", ""{\\""type\\"": \\""charge\\"", \\""pos\\"": [0.87, 0.5, 0], \\""color\\"": \\""#3498DB\\"", \\""label\\"": \\""\\""}"", ""{\\""type\\"": \\""charge\\"", \\""pos\\"": [0.87, -0.5, 0], \\""color\\"": \\""#3498DB\\"", \\""label\\"": \\""\\""}"", ""{\\""type\\"": \\""charge\\"", \\""pos\\"": [0, -1.0, 0], \\""color\\"": \\""#3498DB\\"", \\""label\\"": \\""\\""}"", ""{\\""type\\"": \\""charge\\"", \\""pos\\"": [-0.87, -0.5, 0], \\""color\\"": \\""#3498DB\\"", \\""label\\"": \\""\\""}"", ""{\\""type\\"": \\""charge\\"", \\""pos\\"": [-0.87, 0.5, 0], \\""color\\"": \\""#3498DB\\"", \\""label\\"": \\""\\""}"", ""{\\""type\\"": \\""line\\"", \\""start\\"": [0, 1.0, 0], \\""end\\"": [0.87, 0.5, 0], \\""color\\"": \\""#F1C40F\\""}"", ""{\\""type\\"": \\""line\\"", \\""start\\"": [0.87, 0.5, 0], \\""end\\"": [0.87, -0.5, 0], \\""color\\"": \\""#F1C40F\\""}"", ""{\\""type\\"": \\""line\\"", \\""start\\"": [0.87, -0.5, 0], \\""end\\"": [0, -1.0, 0], \\""color\\"": \\""#F1C40F\\""}"", ""{\\""type\\"": \\""line\\"", \\""start\\"": [0, -1.0, 0], \\""end\\"": [-0.87, -0.5, 0], \\""color\\"": \\""#F1C40F\\""}"", ""{\\""type\\"": \\""line\\"", \\""start\\"": [-0.87, -0.5, 0], \\""end\\"": [-0.87, 0.5, 0], \\""color\\"": \\""#F1C40F\\""}"", ""{\\""type\\"": \\""line\\"", \\""start\\"": [-0.87, 0.5, 0], \\""end\\"": [0, 1.0, 0], \\""color\\"": \\""#F1C40F\\""}""]","In ice, every oxygen atom has a definite place. The water molecules are arranged in a pattern that repeats over and over. This pattern has hexagonal symmetry. If you turn it by sixty degrees, it looks the same. That is why snowflakes have six sides. Feynman says this is one of the beautiful things about crystals. The arrangement of atoms has a symmetry. And that symmetry shows up in the shape of the crystal. Ice also has holes in its structure. When ice melts, these holes can be filled by molecules. That is why ice shrinks when it melts. Most substances expand when they melt. But water is special. Feynman says this is why ice floats. Is sawaal mein crystal ki symmetry aur ice ki anomaly dono hain. Yaad rakhiye, hexagonal symmetry ki wajah se snowflake ke chhe konne hote hain."
